"discussion_id","topic"
4," ""communism vs capitalism"""
7," ""abortion"""
8," ""abortion"""
9," ""abortion"""
10," ""abortion"""
11," ""abortion"""
12," ""evolution"""
13," ""evolution"""
14," ""evolution"""
15," ""evolution"""
16," ""evolution"""
17," ""evolution"""
18," ""evolution"""
19," ""evolution"""
20," ""evolution"""
21," ""evolution"""
22," ""death penalty"""
33," ""climate change"""
34," ""climate change"""
41," ""gay marriage"""
46," ""gun control"""
47," ""gun control"""
48," ""gun control"""
49," ""gun control"""
50," ""gun control"""
51," ""gun control"""
52," ""gun control"""
53," ""gun control"""
54," ""gun control"""
55," ""gun control"""
56," ""gun control"""
57," ""gun control"""
58," ""gun control"""
59," ""gun control"""
60," ""gun control"""
62," ""marijuana legalization"""
64," ""healthcare"""
65," ""healthcare"""
67," ""healthcare"""
68," ""healthcare"""
93," ""evolution"""
94," ""communism vs capitalism"""
95," ""evolution"""
100," ""abortion"""
102," ""evolution"""
104," ""communism vs capitalism"""
105," ""evolution"""
107," ""evolution"""
108," ""evolution"""
113," ""evolution"""
118," ""death penalty"""
135," ""evolution"""
152," ""gun control"""
153," ""gun control"""
158," ""gun control"""
188," ""evolution"""
190," ""evolution"""
195," ""existence of God"""
199," ""existence of God"""
210," ""gun control"""
211," ""abortion"""
226," ""communism vs capitalism"""
227," ""gun control"""
228," ""evolution"""
240," ""gun control"""
248," ""evolution"""
250," ""gun control"""
255," ""evolution"""
260," ""existence of God"""
261," ""evolution"""
271," ""evolution"""
274," ""gun control"""
282," ""healthcare"""
293," ""gun control"""
294," ""gun control"""
310," ""gun control"""
312," ""evolution"""
313," ""abortion"""
319," ""gun control"""
327," ""evolution"""
337," ""abortion"""
339," ""evolution"""
343," ""gun control"""
347," ""abortion"""
379," ""evolution"""
388," ""abortion"""
390," ""climate change"""
393," ""evolution"""
394," ""evolution"""
397," ""communism vs capitalism"""
401," ""evolution"""
409," ""gay marriage"""
448," ""evolution"""
449," ""gun control"""
460," ""abortion"""
465," ""evolution"""
468," ""gun control"""
472," ""evolution"""
474," ""evolution"""
493," ""evolution"""
495," ""existence of God"""
496," ""evolution"""
502," ""evolution"""
504," ""gun control"""
506," ""gun control"""
511," ""evolution"""
513," ""evolution"""
518," ""gun control"""
537," ""existence of God"""
549," ""evolution"""
553," ""gun control"""
554," ""abortion"""
556," ""gun control"""
563," ""evolution"""
564," ""gun control"""
567," ""gun control"""
568," ""gun control"""
572," ""abortion"""
576," ""evolution"""
585," ""evolution"""
587," ""gun control"""
591," ""gun control"""
592," ""gun control"""
594," ""gun control"""
606," ""gun control"""
613," ""gun control"""
622," ""gun control"""
625," ""evolution"""
629," ""evolution"""
630," ""gun control"""
638," ""gay marriage"""
639," ""gun control"""
654," ""abortion"""
659," ""evolution"""
663," ""evolution"""
664," ""evolution"""
665," ""evolution"""
671," ""evolution"""
677," ""evolution"""
687," ""gun control"""
689," ""evolution"""
697," ""gun control"""
707," ""evolution"""
708," ""evolution"""
710," ""evolution"""
711," ""evolution"""
712," ""evolution"""
718," ""evolution"""
725," ""gun control"""
729," ""gun control"""
741," ""abortion"""
742," ""evolution"""
743," ""evolution"""
746," ""evolution"""
758," ""evolution"""
760," ""abortion"""
761," ""evolution"""
771," ""abortion"""
772," ""evolution"""
775," ""evolution"""
782," ""evolution"""
787," ""evolution"""
788," ""gun control"""
798," ""gun control"""
799," ""gun control"""
805," ""gun control"""
811," ""evolution"""
813," ""gay marriage"""
819," ""evolution"""
820," ""existence of God"""
821," ""climate change"""
834," ""gun control"""
858," ""gun control"""
859," ""evolution"""
860," ""abortion"""
864," ""evolution"""
869," ""communism vs capitalism"""
875," ""gun control"""
887," ""evolution"""
891," ""existence of God"""
893," ""gun control"""
898," ""climate change"""
901," ""gun control"""
908," ""evolution"""
913," ""gun control"""
914," ""gun control"""
923," ""gun control"""
925," ""existence of God"""
927," ""evolution"""
934," ""abortion"""
941," ""gun control"""
947," ""gun control"""
948," ""gun control"""
949," ""evolution"""
952," ""evolution"""
957," ""evolution"""
958," ""evolution"""
959," ""evolution"""
960," ""evolution"""
961," ""evolution"""
962," ""evolution"""
964," ""evolution"""
966," ""evolution"""
975," ""evolution"""
979," ""evolution"""
980," ""gun control"""
988," ""evolution"""
994," ""evolution"""
999," ""evolution"""
1000," ""evolution"""
1014," ""evolution"""
1018," ""gun control"""
1019," ""gun control"""
1029," ""evolution"""
1032," ""gun control"""
1037," ""gun control"""
1041," ""evolution"""
1046," ""gun control"""
1047," ""communism vs capitalism"""
1054," ""existence of God"""
1056," ""gun control"""
1067," ""gun control"""
1070," ""gun control"""
1071," ""gun control"""
1073," ""gun control"""
1075," ""abortion"""
1081," ""gun control"""
1087," ""gun control"""
1088," ""gun control"""
1094," ""gun control"""
1102," ""gun control"""
1103," ""gun control"""
1110," ""gun control"""
1117," ""abortion"""
1121," ""abortion"""
1122," ""gun control"""
1124," ""gun control"""
1130," ""gun control"""
1147," ""gun control"""
1167," ""abortion"""
1182," ""gun control"""
1188," ""gun control"""
1194," ""abortion"""
1196," ""abortion"""
1197," ""abortion"""
1200," ""abortion"""
1204," ""evolution"""
1205," ""gun control"""
1207," ""existence of God"""
1208," ""evolution"""
1210," ""climate change"""
1211," ""abortion"""
1213," ""gun control"""
1217," ""abortion"""
1220," ""evolution"""
1226," ""gun control"""
1227," ""gun control"""
1234," ""abortion"""
1256," ""evolution"""
1257," ""evolution"""
1261," ""gun control"""
1271," ""gun control"""
1276," ""gun control"""
1284," ""abortion"""
1286," ""existence of God"""
1287," ""abortion"""
1293," ""abortion"""
1299," ""existence of God"""
1304," ""abortion"""
1310," ""gay marriage"""
1312," ""abortion"""
1314," ""evolution"""
1315," ""evolution"""
1331," ""gay marriage"""
1341," ""abortion"""
1344," ""abortion"""
1353," ""abortion"""
1357," ""gun control"""
1358," ""evolution"""
1359," ""evolution"""
1360," ""gun control"""
1365," ""evolution"""
1367," ""death penalty"""
1369," ""abortion"""
1380," ""gun control"""
1386," ""evolution"""
1390," ""abortion"""
1392," ""abortion"""
1425," ""abortion"""
1427," ""evolution"""
1447," ""climate change"""
1449," ""evolution"""
1454," ""evolution"""
1458," ""evolution"""
1464," ""abortion"""
1465," ""abortion"""
1466," ""communism vs capitalism"""
1474," ""healthcare"""
1481," ""gun control"""
1484," ""evolution"""
1491," ""evolution"""
1493," ""existence of God"""
1497," ""evolution"""
1504," ""abortion"""
1515," ""evolution"""
1522," ""gun control"""
1524," ""existence of God"""
1533," ""evolution"""
1537," ""evolution"""
1548," ""gun control"""
1550," ""evolution"""
1559," ""existence of God"""
1567," ""evolution"""
1568," ""evolution"""
1574," ""evolution"""
1586," ""gay marriage"""
1588," ""gun control"""
1590," ""evolution"""
1598," ""gun control"""
1605," ""evolution"""
1608," ""gun control"""
1613," ""evolution"""
1617," ""gun control"""
1622," ""existence of God"""
1624," ""evolution"""
1627," ""abortion"""
1639," ""abortion"""
1640," ""gay marriage"""
1650," ""evolution"""
1651," ""abortion"""
1654," ""gun control"""
1655," ""evolution"""
1661," ""abortion"""
1675," ""gun control"""
1676," ""gun control"""
1678," ""gay marriage"""
1680," ""gun control"""
1695," ""gun control"""
1705," ""gay marriage"""
1706," ""gay marriage"""
1712," ""evolution"""
1714," ""existence of God"""
1730," ""gun control"""
1732," ""gun control"""
1744," ""evolution"""
1750," ""gay marriage"""
1751," ""gay marriage"""
1752," ""gay marriage"""
1761," ""gun control"""
1763," ""evolution"""
1766," ""abortion"""
1767," ""gun control"""
1769," ""gun control"""
1772," ""gun control"""
1773," ""gun control"""
1774," ""gun control"""
1782," ""gay marriage"""
1783," ""gun control"""
1784," ""gun control"""
1791," ""gun control"""
1792," ""gun control"""
1794," ""gun control"""
1796," ""evolution"""
1808," ""gun control"""
1814," ""evolution"""
1815," ""gay marriage"""
1824," ""gun control"""
1825," ""evolution"""
1829," ""gun control"""
1830," ""gun control"""
1831," ""evolution"""
1835," ""evolution"""
1843," ""gun control"""
1845," ""gun control"""
1846," ""gun control"""
1847," ""abortion"""
1848," ""gun control"""
1849," ""gun control"""
1851," ""evolution"""
1854," ""gun control"""
1855," ""gun control"""
1863," ""gun control"""
1865," ""gun control"""
1866," ""death penalty"""
1867," ""death penalty"""
1869," ""gun control"""
1870," ""abortion"""
1871," ""gun control"""
1873," ""gun control"""
1874," ""gun control"""
1875," ""gay marriage"""
1880," ""abortion"""
1884," ""abortion"""
1886," ""gun control"""
1891," ""gun control"""
1893," ""gun control"""
1894," ""gun control"""
1895," ""gun control"""
1903," ""gun control"""
1905," ""gun control"""
1907," ""gun control"""
1911," ""evolution"""
1925," ""gun control"""
1926," ""evolution"""
1934," ""gun control"""
1935," ""gun control"""
1936," ""gun control"""
1941," ""gun control"""
1945," ""abortion"""
1953," ""evolution"""
1955," ""evolution"""
1961," ""gun control"""
1969," ""gun control"""
1976," ""communism vs capitalism"""
1977," ""evolution"""
1979," ""gun control"""
1983," ""gun control"""
1986," ""evolution"""
1990," ""gun control"""
1993," ""evolution"""
1994," ""evolution"""
1996," ""evolution"""
2005," ""gun control"""
2012," ""abortion"""
2024," ""existence of God"""
2042," ""gun control"""
2043," ""gun control"""
2044," ""gun control"""
2056," ""gun control"""
2063," ""gun control"""
2069," ""gun control"""
2072," ""evolution"""
2073," ""evolution"""
2089," ""gay marriage"""
2098," ""gun control"""
2099," ""gun control"""
2116," ""gun control"""
2131," ""gay marriage"""
2133," ""gun control"""
2134," ""gun control"""
2137," ""gay marriage"""
2139," ""evolution"""
2140," ""abortion"""
2145," ""gay marriage"""
2154," ""abortion"""
2167," ""gun control"""
2170," ""evolution"""
2174," ""abortion"""
2179," ""abortion"""
2188," ""evolution"""
2191," ""abortion"""
2197," ""abortion"""
2213," ""abortion"""
2228," ""gay marriage"""
2235," ""abortion"""
2248," ""evolution"""
2274," ""existence of God"""
2288," ""gun control"""
2300," ""gun control"""
2314," ""evolution"""
2316," ""gun control"""
2319," ""existence of God"""
2330," ""abortion"""
2356," ""existence of God"""
2365," ""existence of God"""
2367," ""climate change"""
2375," ""evolution"""
2376," ""gun control"""
2393," ""gun control"""
2394," ""gun control"""
2413," ""gay marriage"""
2421," ""evolution"""
2428," ""abortion"""
2434," ""existence of God"""
2442," ""evolution"""
2459," ""gun control"""
2460," ""gun control"""
2467," ""abortion"""
2470," ""existence of God"""
2480," ""evolution"""
2483," ""gun control"""
2487," ""gay marriage"""
2492," ""evolution"""
2494," ""abortion"""
2500," ""abortion"""
2508," ""evolution"""
2510," ""gun control"""
2511," ""gun control"""
2518," ""evolution"""
2527," ""gun control"""
2531," ""evolution"""
2533," ""evolution"""
2578," ""evolution"""
2586," ""gun control"""
2591," ""evolution"""
2593," ""gun control"""
2594," ""evolution"""
2601," ""evolution"""
2606," ""gay marriage"""
2607," ""evolution"""
2609," ""evolution"""
2610," ""gay marriage"""
2620," ""gay marriage"""
2624," ""evolution"""
2646," ""evolution"""
2670," ""gay marriage"""
2694," ""gay marriage"""
2695," ""evolution"""
2701," ""evolution"""
2709," ""gun control"""
2711," ""gun control"""
2715," ""evolution"""
2720," ""gun control"""
2726," ""gun control"""
2727," ""gun control"""
2730," ""death penalty"""
2738," ""evolution"""
2739," ""evolution"""
2740," ""gay marriage"""
2742," ""gun control"""
2746," ""gay marriage"""
2752," ""gay marriage"""
2759," ""abortion"""
2764," ""evolution"""
2773," ""gay marriage"""
2790," ""gay marriage"""
2803," ""evolution"""
2823," ""gun control"""
2835," ""gun control"""
2850," ""gun control"""
2851," ""gay marriage"""
2853," ""evolution"""
2854," ""evolution"""
2855," ""evolution"""
2857," ""evolution"""
2858," ""abortion"""
2883," ""evolution"""
2897," ""gun control"""
2898," ""gun control"""
2918," ""gun control"""
2924," ""abortion"""
2926," ""gay marriage"""
2932," ""gun control"""
2960," ""abortion"""
2963," ""gun control"""
2964," ""gun control"""
2992," ""abortion"""
2998," ""evolution"""
3021," ""gay marriage"""
3031," ""gay marriage"""
3056," ""gay marriage"""
3069," ""abortion"""
3115," ""evolution"""
3124," ""communism vs capitalism"""
3130," ""gay marriage"""
3137," ""gay marriage"""
3145," ""gun control"""
3149," ""evolution"""
3156," ""gay marriage"""
3158," ""gun control"""
3169," ""abortion"""
3172," ""evolution"""
3173," ""abortion"""
3177," ""abortion"""
3193," ""gay marriage"""
3222," ""evolution"""
3223," ""gay marriage"""
3237," ""gun control"""
3241," ""evolution"""
3249," ""existence of God"""
3252," ""evolution"""
3258," ""evolution"""
3259," ""gun control"""
3264," ""evolution"""
3267," ""evolution"""
3272," ""evolution"""
3275," ""evolution"""
3277," ""gun control"""
3289," ""gay marriage"""
3292," ""existence of God"""
3296," ""gun control"""
3301," ""abortion"""
3302," ""evolution"""
3320," ""evolution"""
3321," ""existence of God"""
3327," ""evolution"""
3328," ""evolution"""
3329," ""existence of God"""
3331," ""abortion"""
3338," ""abortion"""
3350," ""evolution"""
3371," ""abortion"""
3375," ""death penalty"""
3392," ""evolution"""
3397," ""evolution"""
3398," ""evolution"""
3403," ""evolution"""
3414," ""existence of God"""
3416," ""abortion"""
3426," ""evolution"""
3432," ""evolution"""
3434," ""existence of God"""
3447," ""gun control"""
3457," ""abortion"""
3458," ""healthcare"""
3460," ""existence of God"""
3461," ""abortion"""
3462," ""evolution"""
3467," ""evolution"""
3469," ""evolution"""
3476," ""evolution"""
3486," ""existence of God"""
3487," ""gay marriage"""
3488," ""existence of God"""
3499," ""evolution"""
3504," ""evolution"""
3511," ""evolution"""
3516," ""gay marriage"""
3525," ""gay marriage"""
3540," ""gay marriage"""
3546," ""gun control"""
3570," ""abortion"""
3571," ""abortion"""
3572," ""abortion"""
3603," ""evolution"""
3608," ""gay marriage"""
3613," ""gay marriage"""
3635," ""death penalty"""
3666," ""evolution"""
3667," ""gay marriage"""
3668," ""evolution"""
3674," ""gun control"""
3676," ""evolution"""
3679," ""evolution"""
3680," ""evolution"""
3685," ""evolution"""
3696," ""abortion"""
3700," ""evolution"""
3702," ""gay marriage"""
3703," ""evolution"""
3706," ""evolution"""
3708," ""existence of God"""
3713," ""gun control"""
3714," ""death penalty"""
3715," ""abortion"""
3716," ""evolution"""
3717," ""evolution"""
3719," ""evolution"""
3720," ""evolution"""
3722," ""gay marriage"""
3730," ""evolution"""
3732," ""evolution"""
3733," ""evolution"""
3739," ""gay marriage"""
3742," ""existence of God"""
3744," ""abortion"""
3752," ""evolution"""
3756," ""gay marriage"""
3759," ""gun control"""
3764," ""abortion"""
3767," ""evolution"""
3769," ""evolution"""
3770," ""gun control"""
3778," ""gun control"""
3779," ""gun control"""
3780," ""evolution"""
3782," ""gun control"""
3791," ""marijuana legalization"""
3800," ""gun control"""
3804," ""gun control"""
3811," ""abortion"""
3819," ""gay marriage"""
3827," ""evolution"""
3839," ""existence of God"""
3843," ""gun control"""
3851," ""evolution"""
3852," ""evolution"""
3859," ""existence of God"""
3869," ""existence of God"""
3870," ""abortion"""
3882," ""evolution"""
3909," ""existence of God"""
3935," ""evolution"""
3953," ""gay marriage"""
3955," ""evolution"""
3959," ""climate change"""
3963," ""gun control"""
3965," ""evolution"""
3976," ""evolution"""
3982," ""evolution"""
3986," ""evolution"""
3996," ""gun control"""
4002," ""evolution"""
4007," ""gun control"""
4019," ""abortion"""
4025," ""abortion"""
4027," ""abortion"""
4031," ""existence of God"""
4034," ""abortion"""
4038," ""evolution"""
4040," ""abortion"""
4046," ""evolution"""
4048," ""gay marriage"""
4057," ""gay marriage"""
4062," ""abortion"""
4064," ""evolution"""
4076," ""existence of God"""
4077," ""abortion"""
4080," ""abortion"""
4081," ""abortion"""
4087," ""abortion"""
4092," ""gun control"""
4094," ""evolution"""
4103," ""evolution"""
4106," ""evolution"""
4107," ""abortion"""
4111," ""gay marriage"""
4115," ""gun control"""
4121," ""abortion"""
4126," ""gay marriage"""
4129," ""gun control"""
4130," ""communism vs capitalism"""
4132," ""gun control"""
4155," ""evolution"""
4162," ""evolution"""
4166," ""gun control"""
4167," ""evolution"""
4170," ""evolution"""
4174," ""gun control"""
4179," ""evolution"""
4180," ""evolution"""
4188," ""evolution"""
4195," ""gun control"""
4215," ""evolution"""
4216," ""abortion"""
4219," ""gay marriage"""
4220," ""abortion"""
4223," ""evolution"""
4227," ""evolution"""
4234," ""evolution"""
4235," ""gay marriage"""
4239," ""abortion"""
4240," ""evolution"""
4248," ""gun control"""
4251," ""gun control"""
4255," ""gay marriage"""
4263," ""abortion"""
4284," ""evolution"""
4295," ""evolution"""
4296," ""evolution"""
4297," ""evolution"""
4306," ""evolution"""
4311," ""existence of God"""
4319," ""gay marriage"""
4324," ""evolution"""
4330," ""evolution"""
4332," ""abortion"""
4337," ""abortion"""
4338," ""evolution"""
4339," ""gun control"""
4342," ""gay marriage"""
4349," ""abortion"""
4357," ""abortion"""
4362," ""gay marriage"""
4366," ""evolution"""
4373," ""abortion"""
4379," ""evolution"""
4383," ""evolution"""
4390," ""evolution"""
4397," ""evolution"""
4408," ""gun control"""
4410," ""abortion"""
4418," ""gay marriage"""
4429," ""evolution"""
4430," ""gay marriage"""
4432," ""gun control"""
4442," ""evolution"""
4452," ""gun control"""
4468," ""evolution"""
4470," ""evolution"""
4485," ""evolution"""
4492," ""evolution"""
4500," ""abortion"""
4508," ""communism vs capitalism"""
4510," ""gun control"""
4517," ""abortion"""
4528," ""evolution"""
4531," ""gay marriage"""
4536," ""abortion"""
4539," ""gay marriage"""
4548," ""gay marriage"""
4549," ""abortion"""
4553," ""gun control"""
4554," ""gun control"""
4562," ""evolution"""
4564," ""gay marriage"""
4567," ""evolution"""
4579," ""gun control"""
4586," ""gay marriage"""
4588," ""evolution"""
4590," ""abortion"""
4596," ""existence of God"""
4609," ""gun control"""
4611," ""gay marriage"""
4612," ""evolution"""
4617," ""evolution"""
4619," ""gun control"""
4625," ""evolution"""
4631," ""gay marriage"""
4644," ""evolution"""
4652," ""evolution"""
4653," ""abortion"""
4655," ""abortion"""
4656," ""abortion"""
4657," ""gun control"""
4660," ""evolution"""
4664," ""evolution"""
4684," ""abortion"""
4690," ""gun control"""
4699," ""abortion"""
4701," ""abortion"""
4706," ""existence of God"""
4724," ""abortion"""
4728," ""abortion"""
4729," ""abortion"""
4750," ""evolution"""
4754," ""evolution"""
4756," ""gay marriage"""
4762," ""gun control"""
4764," ""evolution"""
4768," ""evolution"""
4771," ""gay marriage"""
4779," ""gun control"""
4792," ""evolution"""
4801," ""abortion"""
4804," ""abortion"""
4808," ""gay marriage"""
4809," ""abortion"""
4810," ""gun control"""
4816," ""gay marriage"""
4819," ""gay marriage"""
4826," ""gun control"""
4827," ""existence of God"""
4829," ""gay marriage"""
4831," ""evolution"""
4834," ""gay marriage"""
4835," ""evolution"""
4846," ""communism vs capitalism"""
4852," ""gay marriage"""
4855," ""abortion"""
4856," ""evolution"""
4892," ""gay marriage"""
4893," ""abortion"""
4906," ""evolution"""
4908," ""gay marriage"""
4912," ""abortion"""
4920," ""evolution"""
4925," ""evolution"""
4942," ""evolution"""
4949," ""evolution"""
4952," ""evolution"""
4964," ""abortion"""
4976," ""abortion"""
4988," ""evolution"""
4990," ""abortion"""
4992," ""evolution"""
5004," ""evolution"""
5009," ""evolution"""
5012," ""healthcare"""
5022," ""evolution"""
5026," ""evolution"""
5027," ""death penalty"""
5029," ""evolution"""
5035," ""evolution"""
5036," ""abortion"""
5039," ""evolution"""
5043," ""evolution"""
5047," ""evolution"""
5051," ""evolution"""
5056," ""evolution"""
5059," ""evolution"""
5061," ""abortion"""
5062," ""gay marriage"""
5087," ""gay marriage"""
5091," ""abortion"""
5097," ""abortion"""
5099," ""abortion"""
5106," ""gun control"""
5117," ""evolution"""
5119," ""gay marriage"""
5121," ""evolution"""
5132," ""evolution"""
5135," ""evolution"""
5142," ""gun control"""
5155," ""gay marriage"""
5159," ""gay marriage"""
5173," ""evolution"""
5200," ""abortion"""
5205," ""evolution"""
5210," ""evolution"""
5211," ""abortion"""
5212," ""evolution"""
5214," ""evolution"""
5220," ""evolution"""
5223," ""evolution"""
5224," ""evolution"""
5227," ""evolution"""
5234," ""evolution"""
5265," ""evolution"""
5268," ""evolution"""
5270," ""evolution"""
5281," ""evolution"""
5285," ""abortion"""
5287," ""evolution"""
5293," ""gun control"""
5299," ""gun control"""
5300," ""evolution"""
5305," ""abortion"""
5312," ""abortion"""
5315," ""abortion"""
5324," ""abortion"""
5325," ""death penalty"""
5327," ""evolution"""
5337," ""abortion"""
5343," ""evolution"""
5344," ""abortion"""
5347," ""gay marriage"""
5351," ""evolution"""
5352," ""evolution"""
5354," ""abortion"""
5364," ""evolution"""
5373," ""evolution"""
5374," ""abortion"""
5375," ""evolution"""
5376," ""gay marriage"""
5383," ""abortion"""
5386," ""abortion"""
5390," ""evolution"""
5395," ""evolution"""
5399," ""abortion"""
5402," ""abortion"""
5403," ""evolution"""
5404," ""abortion"""
5406," ""evolution"""
5413," ""evolution"""
5417," ""abortion"""
5421," ""evolution"""
5425," ""abortion"""
5430," ""gay marriage"""
5439," ""abortion"""
5445," ""abortion"""
5447," ""abortion"""
5463," ""abortion"""
5465," ""evolution"""
5469," ""abortion"""
5477," ""existence of God"""
5480," ""abortion"""
5489," ""gay marriage"""
5490," ""abortion"""
5491," ""gay marriage"""
5508," ""abortion"""
5509," ""abortion"""
5510," ""evolution"""
5518," ""gay marriage"""
5524," ""abortion"""
5527," ""abortion"""
5537," ""gay marriage"""
5539," ""evolution"""
5558," ""marijuana legalization"""
5565," ""gay marriage"""
5566," ""existence of God"""
5572," ""abortion"""
5573," ""evolution"""
5585," ""abortion"""
5591," ""abortion"""
5610," ""gay marriage"""
5612," ""abortion"""
5619," ""abortion"""
5620," ""abortion"""
5622," ""evolution"""
5624," ""abortion"""
5629," ""abortion"""
5633," ""gay marriage"""
5648," ""healthcare"""
5666," ""abortion"""
5669," ""abortion"""
5677," ""evolution"""
5681," ""gay marriage"""
5685," ""gay marriage"""
5692," ""abortion"""
5700," ""abortion"""
5711," ""gay marriage"""
5723," ""evolution"""
5724," ""abortion"""
5729," ""existence of God"""
5735," ""evolution"""
5765," ""abortion"""
5769," ""marijuana legalization"""
5774," ""abortion"""
5805," ""gun control"""
5807," ""abortion"""
5812," ""marijuana legalization"""
5816," ""evolution"""
5823," ""evolution"""
5840," ""abortion"""
5841," ""gun control"""
5844," ""climate change"""
5857," ""abortion"""
5870," ""evolution"""
5876," ""gay marriage"""
5914," ""abortion"""
5933," ""gun control"""
5948," ""gun control"""
5953," ""abortion"""
5954," ""evolution"""
5962," ""evolution"""
5964," ""evolution"""
5966," ""gun control"""
5967," ""communism vs capitalism"""
5981," ""abortion"""
5994," ""abortion"""
6001," ""evolution"""
6027," ""abortion"""
6028," ""abortion"""
6032," ""evolution"""
6041," ""gun control"""
6045," ""evolution"""
6062," ""gun control"""
6070," ""abortion"""
6071," ""abortion"""
6072," ""abortion"""
6075," ""gun control"""
6078," ""evolution"""
6080," ""gun control"""
6088," ""healthcare"""
6105," ""existence of God"""
6107," ""evolution"""
6110," ""gay marriage"""
6115," ""evolution"""
6117," ""abortion"""
6121," ""evolution"""
6128," ""evolution"""
6131," ""evolution"""
6133," ""evolution"""
6144," ""abortion"""
6158," ""abortion"""
6159," ""abortion"""
6170," ""evolution"""
6173," ""evolution"""
6181," ""evolution"""
6185," ""abortion"""
6189," ""abortion"""
6198," ""evolution"""
6204," ""evolution"""
6207," ""evolution"""
6220," ""abortion"""
6224," ""existence of God"""
6228," ""evolution"""
6247," ""evolution"""
6249," ""abortion"""
6260," ""climate change"""
6261," ""evolution"""
6263," ""abortion"""
6268," ""gay marriage"""
6271," ""existence of God"""
6279," ""gay marriage"""
6287," ""evolution"""
6288," ""evolution"""
6295," ""evolution"""
6296," ""evolution"""
6297," ""evolution"""
6300," ""abortion"""
6304," ""evolution"""
6317," ""abortion"""
6319," ""existence of God"""
6320," ""abortion"""
6321," ""gay marriage"""
6322," ""abortion"""
6325," ""abortion"""
6326," ""gay marriage"""
6355," ""evolution"""
6357," ""abortion"""
6362," ""abortion"""
6369," ""evolution"""
6370," ""abortion"""
6375," ""evolution"""
6380," ""abortion"""
6399," ""gun control"""
6400," ""abortion"""
6402," ""abortion"""
6418," ""evolution"""
6426," ""abortion"""
6427," ""abortion"""
6437," ""abortion"""
6442," ""gun control"""
6444," ""abortion"""
6452," ""evolution"""
6467," ""abortion"""
6473," ""evolution"""
6479," ""gay marriage"""
6482," ""marijuana legalization"""
6491," ""gay marriage"""
6497," ""evolution"""
6502," ""abortion"""
6524," ""abortion"""
6532," ""abortion"""
6533," ""gay marriage"""
6534," ""existence of God"""
6567," ""gun control"""
6568," ""evolution"""
6590," ""evolution"""
6599," ""abortion"""
6602," ""evolution"""
6608," ""abortion"""
6612," ""gun control"""
6613," ""evolution"""
6627," ""abortion"""
6630," ""evolution"""
6634," ""evolution"""
6646," ""abortion"""
6649," ""gun control"""
6652," ""marijuana legalization"""
6657," ""existence of God"""
6661," ""communism vs capitalism"""
6665," ""abortion"""
6668," ""existence of God"""
6669," ""evolution"""
6671," ""abortion"""
6680," ""evolution"""
6688," ""existence of God"""
6691," ""evolution"""
6697," ""gun control"""
6701," ""evolution"""
6702," ""evolution"""
6703," ""abortion"""
6705," ""gay marriage"""
6722," ""abortion"""
6724," ""abortion"""
6725," ""abortion"""
6729," ""gay marriage"""
6737," ""abortion"""
6741," ""evolution"""
6742," ""gun control"""
6744," ""abortion"""
6772," ""gun control"""
6786," ""evolution"""
6797," ""evolution"""
6804," ""evolution"""
6810," ""evolution"""
6811," ""abortion"""
6817," ""communism vs capitalism"""
6818," ""gay marriage"""
6819," ""abortion"""
6821," ""abortion"""
6824," ""evolution"""
6828," ""evolution"""
6840," ""abortion"""
6883," ""abortion"""
6890," ""abortion"""
6905," ""existence of God"""
6906," ""abortion"""
6910," ""abortion"""
6917," ""evolution"""
6937," ""evolution"""
6938," ""evolution"""
6942," ""abortion"""
6945," ""abortion"""
6946," ""abortion"""
6952," ""gay marriage"""
6954," ""gun control"""
6957," ""gun control"""
6961," ""gay marriage"""
6966," ""evolution"""
6967," ""abortion"""
6971," ""gay marriage"""
6974," ""abortion"""
6980," ""gun control"""
6987," ""abortion"""
6997," ""gay marriage"""
7000," ""evolution"""
7007," ""abortion"""
7011," ""abortion"""
7012," ""abortion"""
7013," ""evolution"""
7025," ""existence of God"""
7026," ""gay marriage"""
7027," ""gay marriage"""
7033," ""death penalty"""
7046," ""abortion"""
7050," ""abortion"""
7056," ""death penalty"""
7058," ""abortion"""
7065," ""abortion"""
7073," ""gun control"""
7074," ""abortion"""
7082," ""evolution"""
7084," ""abortion"""
7097," ""evolution"""
7099," ""abortion"""
7107," ""abortion"""
7108," ""evolution"""
7109," ""gun control"""
7111," ""evolution"""
7118," ""gun control"""
7123," ""gay marriage"""
7150," ""gay marriage"""
7160," ""gun control"""
7165," ""abortion"""
7169," ""abortion"""
7190," ""abortion"""
7197," ""gay marriage"""
7203," ""evolution"""
7213," ""abortion"""
7219," ""evolution"""
7230," ""evolution"""
7232," ""evolution"""
7249," ""gay marriage"""
7256," ""abortion"""
7258," ""gay marriage"""
7268," ""abortion"""
7282," ""abortion"""
7288," ""abortion"""
7294," ""abortion"""
7295," ""abortion"""
7311," ""death penalty"""
7316," ""abortion"""
7320," ""evolution"""
7322," ""evolution"""
7325," ""evolution"""
7326," ""abortion"""
7328," ""gay marriage"""
7330," ""evolution"""
7334," ""abortion"""
7336," ""gay marriage"""
7343," ""abortion"""
7362," ""abortion"""
7374," ""gun control"""
7381," ""gay marriage"""
7391," ""abortion"""
7394," ""abortion"""
7400," ""evolution"""
7401," ""evolution"""
7404," ""abortion"""
7405," ""abortion"""
7406," ""abortion"""
7407," ""abortion"""
7409," ""abortion"""
7411," ""abortion"""
7412," ""abortion"""
7418," ""abortion"""
7424," ""abortion"""
7442," ""evolution"""
7444," ""gay marriage"""
7449," ""abortion"""
7451," ""death penalty"""
7453," ""communism vs capitalism"""
7461," ""abortion"""
7469," ""evolution"""
7470," ""evolution"""
7472," ""gay marriage"""
7480," ""existence of God"""
7511," ""evolution"""
7526," ""existence of God"""
7530," ""evolution"""
7559," ""abortion"""
7568," ""gun control"""
7572," ""abortion"""
7573," ""abortion"""
7576," ""evolution"""
7582," ""abortion"""
7590," ""abortion"""
7594," ""gay marriage"""
7606," ""abortion"""
7613," ""abortion"""
7623," ""evolution"""
7625," ""evolution"""
7628," ""abortion"""
7630," ""evolution"""
7642," ""abortion"""
7644," ""evolution"""
7645," ""evolution"""
7646," ""evolution"""
7653," ""evolution"""
7661," ""evolution"""
7663," ""existence of God"""
7665," ""abortion"""
7673," ""abortion"""
7675," ""communism vs capitalism"""
7684," ""abortion"""
7686," ""abortion"""
7689," ""evolution"""
7705," ""abortion"""
7729," ""abortion"""
7733," ""abortion"""
7734," ""abortion"""
7738," ""abortion"""
7746," ""evolution"""
7752," ""existence of God"""
7756," ""gay marriage"""
7758," ""gay marriage"""
7768," ""abortion"""
7773," ""gay marriage"""
7777," ""evolution"""
7785," ""evolution"""
7807," ""gay marriage"""
7813," ""abortion"""
7814," ""gun control"""
7815," ""evolution"""
7830," ""evolution"""
7837," ""abortion"""
7842," ""evolution"""
7843," ""gay marriage"""
7848," ""abortion"""
7850," ""gun control"""
7854," ""abortion"""
7858," ""abortion"""
7863," ""evolution"""
7872," ""gun control"""
7881," ""evolution"""
7884," ""abortion"""
7892," ""healthcare"""
7893," ""abortion"""
7894," ""gun control"""
7901," ""evolution"""
7902," ""gay marriage"""
7905," ""gay marriage"""
7919," ""abortion"""
7920," ""gun control"""
7925," ""gun control"""
7926," ""abortion"""
7927," ""climate change"""
7931," ""abortion"""
7932," ""gay marriage"""
7933," ""abortion"""
7938," ""abortion"""
7954," ""evolution"""
7962," ""evolution"""
7972," ""evolution"""
7974," ""gay marriage"""
7976," ""abortion"""
8010," ""evolution"""
8011," ""abortion"""
8012," ""evolution"""
8017," ""gay marriage"""
8018," ""evolution"""
8027," ""gay marriage"""
8029," ""abortion"""
8032," ""evolution"""
8037," ""evolution"""
8052," ""marijuana legalization"""
8061," ""evolution"""
8069," ""communism vs capitalism"""
8076," ""evolution"""
8088," ""abortion"""
8089," ""gay marriage"""
8091," ""abortion"""
8095," ""abortion"""
8101," ""abortion"""
8104," ""gay marriage"""
8105," ""evolution"""
8109," ""death penalty"""
8111," ""evolution"""
8115," ""evolution"""
8121," ""evolution"""
8129," ""gay marriage"""
8130," ""abortion"""
8134," ""gay marriage"""
8148," ""abortion"""
8158," ""abortion"""
8159," ""abortion"""
8173," ""abortion"""
8174," ""abortion"""
8181," ""abortion"""
8189," ""abortion"""
8197," ""climate change"""
8198," ""evolution"""
8205," ""gay marriage"""
8206," ""abortion"""
8221," ""gay marriage"""
8224," ""evolution"""
8225," ""abortion"""
8236," ""evolution"""
8242," ""gay marriage"""
8245," ""gay marriage"""
8250," ""abortion"""
8251," ""evolution"""
8257," ""gay marriage"""
8261," ""gay marriage"""
8284," ""existence of God"""
8292," ""existence of God"""
8294," ""evolution"""
8303," ""gay marriage"""
8304," ""communism vs capitalism"""
8324," ""gay marriage"""
8330," ""evolution"""
8355," ""climate change"""
8362," ""evolution"""
8373," ""abortion"""
8375," ""evolution"""
8379," ""abortion"""
8388," ""gun control"""
8405," ""abortion"""
8415," ""abortion"""
8447," ""gay marriage"""
8448," ""gay marriage"""
8457," ""gun control"""
8458," ""gun control"""
8475," ""existence of God"""
8476," ""gay marriage"""
8477," ""gay marriage"""
8480," ""gun control"""
8504," ""abortion"""
8506," ""gay marriage"""
8509," ""abortion"""
8516," ""abortion"""
8517," ""gun control"""
8533," ""abortion"""
8542," ""abortion"""
8544," ""abortion"""
8550," ""gun control"""
8565," ""existence of God"""
8572," ""gay marriage"""
8573," ""gay marriage"""
8580," ""gay marriage"""
8587," ""evolution"""
8590," ""abortion"""
8592," ""existence of God"""
8602," ""gay marriage"""
8619," ""evolution"""
8620," ""gun control"""
8627," ""evolution"""
8629," ""evolution"""
8641," ""climate change"""
8648," ""existence of God"""
8657," ""abortion"""
8668," ""gay marriage"""
8671," ""abortion"""
8683," ""evolution"""
8685," ""gay marriage"""
8700," ""evolution"""
8701," ""abortion"""
8706," ""gun control"""
8710," ""abortion"""
8718," ""abortion"""
8725," ""abortion"""
8729," ""evolution"""
8733," ""abortion"""
8738," ""gun control"""
8744," ""evolution"""
8752," ""evolution"""
8753," ""evolution"""
8754," ""abortion"""
8757," ""abortion"""
8759," ""evolution"""
8769," ""evolution"""
8781," ""evolution"""
8782," ""evolution"""
8784," ""evolution"""
8788," ""gun control"""
8804," ""evolution"""
8809," ""evolution"""
8810," ""abortion"""
8816," ""evolution"""
8823," ""evolution"""
8829," ""abortion"""
8839," ""abortion"""
8844," ""evolution"""
8851," ""evolution"""
8857," ""gun control"""
8863," ""evolution"""
8869," ""evolution"""
8887," ""evolution"""
8890," ""climate change"""
8904," ""evolution"""
8910," ""evolution"""
8913," ""evolution"""
8918," ""evolution"""
8920," ""gun control"""
8922," ""gay marriage"""
8926," ""evolution"""
8930," ""abortion"""
8934," ""gay marriage"""
8948," ""existence of God"""
8953," ""evolution"""
8954," ""gay marriage"""
8956," ""abortion"""
8973," ""evolution"""
8974," ""gay marriage"""
8977," ""evolution"""
8978," ""evolution"""
9001," ""evolution"""
9002," ""evolution"""
9007," ""evolution"""
9010," ""gun control"""
9014," ""evolution"""
9018," ""evolution"""
9021," ""abortion"""
9030," ""evolution"""
9033," ""evolution"""
9034," ""evolution"""
9040," ""abortion"""
9045," ""abortion"""
9046," ""evolution"""
9054," ""evolution"""
9058," ""evolution"""
9064," ""evolution"""
9073," ""gun control"""
9083," ""evolution"""
9085," ""gay marriage"""
9096," ""abortion"""
9097," ""evolution"""
9108," ""gun control"""
9109," ""evolution"""
9110," ""climate change"""
9111," ""healthcare"""
9116," ""abortion"""
9128," ""gay marriage"""
9130," ""gun control"""
9148," ""abortion"""
9151," ""death penalty"""
9154," ""abortion"""
9157," ""abortion"""
9163," ""evolution"""
9165," ""gay marriage"""
9170," ""gun control"""
9171," ""gay marriage"""
9173," ""gay marriage"""
9192," ""abortion"""
9194," ""evolution"""
9196," ""gay marriage"""
9199," ""evolution"""
9201," ""abortion"""
9210," ""abortion"""
9211," ""abortion"""
9217," ""gay marriage"""
9222," ""gun control"""
9225," ""abortion"""
9226," ""gay marriage"""
9246," ""evolution"""
9247," ""gun control"""
9258," ""abortion"""
9271," ""gay marriage"""
9288," ""abortion"""
9303," ""communism vs capitalism"""
9304," ""gay marriage"""
9309," ""evolution"""
9310," ""gay marriage"""
9322," ""evolution"""
9324," ""abortion"""
9328," ""gay marriage"""
9335," ""abortion"""
9341," ""abortion"""
9344," ""gay marriage"""
9345," ""evolution"""
9352," ""climate change"""
9353," ""existence of God"""
9355," ""existence of God"""
9356," ""gay marriage"""
9357," ""evolution"""
9364," ""abortion"""
9372," ""death penalty"""
9376," ""existence of God"""
9377," ""gay marriage"""
9379," ""evolution"""
9382," ""gun control"""
9383," ""abortion"""
9391," ""abortion"""
9394," ""abortion"""
9398," ""abortion"""
9400," ""abortion"""
9401," ""evolution"""
9402," ""evolution"""
9414," ""gay marriage"""
9418," ""evolution"""
9424," ""abortion"""
9425," ""evolution"""
9426," ""evolution"""
9427," ""evolution"""
9432," ""gay marriage"""
9436," ""evolution"""
9437," ""abortion"""
9438," ""gun control"""
9444," ""evolution"""
9445," ""evolution"""
9447," ""evolution"""
9448," ""abortion"""
9449," ""evolution"""
9450," ""evolution"""
9451," ""gun control"""
9455," ""marijuana legalization"""
9463," ""climate change"""
9465," ""abortion"""
9467," ""evolution"""
9468," ""evolution"""
9469," ""gay marriage"""
9470," ""evolution"""
9471," ""evolution"""
9472," ""abortion"""
9473," ""evolution"""
9479," ""evolution"""
9481," ""climate change"""
9482," ""gun control"""
9483," ""gun control"""
9485," ""abortion"""
9489," ""evolution"""
9490," ""gun control"""
9491," ""abortion"""
9493," ""abortion"""
9506," ""abortion"""
9507," ""gay marriage"""
9509," ""evolution"""
9510," ""abortion"""
9511," ""abortion"""
9513," ""evolution"""
9519," ""evolution"""
9521," ""evolution"""
9523," ""evolution"""
9524," ""evolution"""
9525," ""climate change"""
9533," ""evolution"""
9535," ""evolution"""
9537," ""evolution"""
9538," ""evolution"""
9539," ""evolution"""
9547," ""evolution"""
9550," ""abortion"""
9551," ""evolution"""
9561," ""gay marriage"""
9562," ""evolution"""
9565," ""evolution"""
9569," ""evolution"""
9571," ""existence of God"""
9572," ""evolution"""
9573," ""gay marriage"""
9574," ""evolution"""
9575," ""evolution"""
9580," ""abortion"""
9581," ""abortion"""
9582," ""abortion"""
9583," ""abortion"""
9584," ""evolution"""
9588," ""abortion"""
9590," ""evolution"""
9594," ""evolution"""
9597," ""evolution"""
9598," ""evolution"""
9600," ""evolution"""
9603," ""evolution"""
9612," ""climate change"""
9613," ""evolution"""
9614," ""abortion"""
9615," ""evolution"""
9616," ""abortion"""
9624," ""evolution"""
9625," ""evolution"""
9630," ""evolution"""
9633," ""gay marriage"""
9634," ""gay marriage"""
9635," ""gun control"""
9637," ""existence of God"""
9639," ""evolution"""
9640," ""gun control"""
9649," ""evolution"""
9652," ""gay marriage"""
9654," ""abortion"""
9663," ""evolution"""
9666," ""existence of God"""
9669," ""gun control"""
9678," ""abortion"""
9681," ""evolution"""
9687," ""abortion"""
9694," ""abortion"""
9696," ""evolution"""
9697," ""gun control"""
9702," ""abortion"""
9705," ""abortion"""
9707," ""evolution"""
9709," ""abortion"""
9710," ""abortion"""
9718," ""evolution"""
9721," ""abortion"""
9725," ""climate change"""
9727," ""gun control"""
9728," ""gun control"""
9729," ""evolution"""
9730," ""gay marriage"""
9731," ""evolution"""
9733," ""evolution"""
9741," ""evolution"""
9742," ""abortion"""
9743," ""gun control"""
9744," ""gun control"""
9750," ""evolution"""
9754," ""abortion"""
9760," ""gay marriage"""
9763," ""evolution"""
9764," ""evolution"""
9766," ""gay marriage"""
9767," ""evolution"""
9769," ""evolution"""
9770," ""evolution"""
9773," ""gun control"""
9777," ""evolution"""
9779," ""existence of God"""
9781," ""evolution"""
9782," ""abortion"""
9790," ""existence of God"""
9804," ""gun control"""
9812," ""gay marriage"""
9813," ""abortion"""
9816," ""gay marriage"""
9819," ""gun control"""
9826," ""gay marriage"""
9834," ""evolution"""
9840," ""evolution"""
9851," ""gun control"""
9855," ""evolution"""
9859," ""climate change"""
9869," ""evolution"""
9870," ""evolution"""
9874," ""evolution"""
9875," ""abortion"""
9879," ""gun control"""
9895," ""evolution"""
9899," ""evolution"""
9900," ""abortion"""
9902," ""evolution"""
9903," ""existence of God"""
9907," ""evolution"""
9908," ""evolution"""
9915," ""evolution"""
9925," ""evolution"""
9926," ""abortion"""
9927," ""evolution"""
9930," ""evolution"""
9931," ""evolution"""
9935," ""evolution"""
9938," ""evolution"""
9941," ""abortion"""
9942," ""evolution"""
9943," ""abortion"""
9954," ""gay marriage"""
9955," ""gay marriage"""
9956," ""death penalty"""
9959," ""evolution"""
9963," ""evolution"""
9974," ""gay marriage"""
9977," ""gay marriage"""
9978," ""evolution"""
9979," ""abortion"""
9980," ""evolution"""
9981," ""abortion"""
9983," ""evolution"""
9985," ""abortion"""
9989," ""evolution"""
9991," ""evolution"""
9994," ""evolution"""
9995," ""death penalty"""
9997," ""climate change"""
10001," ""abortion"""
10006," ""abortion"""
10008," ""evolution"""
10009," ""gay marriage"""
10011," ""abortion"""
10012," ""evolution"""
10013," ""evolution"""
10020," ""evolution"""
10021," ""evolution"""
10023," ""evolution"""
10027," ""evolution"""
10031," ""evolution"""
10032," ""evolution"""
10033," ""abortion"""
10034," ""gay marriage"""
10039," ""abortion"""
10046," ""evolution"""
10053," ""evolution"""
10055," ""evolution"""
10057," ""evolution"""
10061," ""evolution"""
10064," ""gay marriage"""
10065," ""evolution"""
10068," ""evolution"""
10069," ""evolution"""
10071," ""evolution"""
10076," ""evolution"""
10078," ""evolution"""
10080," ""evolution"""
10083," ""evolution"""
10086," ""evolution"""
10087," ""evolution"""
10088," ""evolution"""
10094," ""existence of God"""
10097," ""evolution"""
10098," ""gay marriage"""
10106," ""gay marriage"""
10107," ""gay marriage"""
10116," ""abortion"""
10118," ""evolution"""
10119," ""evolution"""
10122," ""evolution"""
10123," ""evolution"""
10128," ""abortion"""
10129," ""abortion"""
10136," ""evolution"""
10141," ""existence of God"""
10143," ""evolution"""
10144," ""evolution"""
10147," ""evolution"""
10149," ""evolution"""
10163," ""gun control"""
10166," ""abortion"""
10174," ""existence of God"""
10182," ""evolution"""
10185," ""evolution"""
10193," ""abortion"""
10197," ""evolution"""
10215," ""gay marriage"""
10216," ""evolution"""
10217," ""abortion"""
10227," ""evolution"""
10228," ""gay marriage"""
10244," ""evolution"""
10246," ""existence of God"""
10249," ""existence of God"""
10250," ""evolution"""
10257," ""gay marriage"""
10258," ""evolution"""
10262," ""abortion"""
10270," ""existence of God"""
10271," ""evolution"""
10273," ""evolution"""
10274," ""evolution"""
10275," ""evolution"""
10279," ""evolution"""
10284," ""evolution"""
10287," ""evolution"""
10291," ""gay marriage"""
10293," ""abortion"""
10297," ""gay marriage"""
10298," ""evolution"""
10301," ""evolution"""
10309," ""evolution"""
10312," ""evolution"""
10313," ""gun control"""
10317," ""evolution"""
10320," ""abortion"""
10332," ""abortion"""
10333," ""evolution"""
10343," ""evolution"""
10348," ""evolution"""
10349," ""evolution"""
10352," ""evolution"""
10358," ""evolution"""
10359," ""evolution"""
10365," ""evolution"""
10369," ""existence of God"""
10371," ""evolution"""
10372," ""evolution"""
10376," ""evolution"""
10379," ""evolution"""
10383," ""evolution"""
10391," ""existence of God"""
10392," ""evolution"""
10401," ""evolution"""
10409," ""evolution"""
10414," ""evolution"""
10415," ""healthcare"""
10418," ""evolution"""
10421," ""evolution"""
10422," ""evolution"""
10423," ""evolution"""
10427," ""evolution"""
10429," ""evolution"""
10430," ""evolution"""
10431," ""evolution"""
10433," ""evolution"""
10437," ""existence of God"""
10438," ""evolution"""
10445," ""evolution"""
10447," ""existence of God"""
10449," ""evolution"""
10454," ""evolution"""
10457," ""abortion"""
10462," ""evolution"""
10463," ""evolution"""
10464," ""evolution"""
10468," ""evolution"""
10476," ""evolution"""
10489," ""gay marriage"""
10491," ""marijuana legalization"""
10497," ""climate change"""
10498," ""gay marriage"""
10500," ""evolution"""
10509," ""evolution"""
10510," ""evolution"""
10512," ""evolution"""
10514," ""healthcare"""
10540," ""gun control"""
10555," ""evolution"""
10570," ""evolution"""
10577," ""abortion"""
10578," ""existence of God"""
10582," ""evolution"""
10587," ""evolution"""
10594," ""evolution"""
10602," ""evolution"""
10631," ""gun control"""
10632," ""evolution"""
10642," ""gay marriage"""
10648," ""evolution"""
10649," ""existence of God"""
10651," ""evolution"""
10654," ""evolution"""
10656," ""evolution"""
10659," ""evolution"""
10677," ""abortion"""
10678," ""evolution"""
10685," ""abortion"""
10700," ""existence of God"""
10711," ""evolution"""
10712," ""gun control"""
10714," ""evolution"""
10720," ""gun control"""
10722," ""abortion"""
10725," ""gay marriage"""
10749," ""evolution"""
10751," ""gun control"""
10755," ""gay marriage"""
10767," ""gay marriage"""
10771," ""evolution"""
10772," ""evolution"""
10775," ""evolution"""
10782," ""gay marriage"""
10783," ""gun control"""
10784," ""gay marriage"""
10799," ""evolution"""
10806," ""abortion"""
10828," ""evolution"""
10837," ""abortion"""
10838," ""abortion"""
10841," ""abortion"""
10843," ""gun control"""
10846," ""climate change"""
10849," ""evolution"""
10857," ""gay marriage"""
10860," ""abortion"""
10863," ""evolution"""
10871," ""gun control"""
10876," ""gun control"""
10880," ""evolution"""
10881," ""evolution"""
10884," ""evolution"""
10886," ""gay marriage"""
10887," ""gun control"""
10896," ""gay marriage"""
10897," ""gay marriage"""
10898," ""evolution"""
10908," ""gun control"""
10914," ""evolution"""
10921," ""gun control"""
10925," ""evolution"""
10931," ""evolution"""
10933," ""gun control"""
10945," ""evolution"""
10947," ""evolution"""
10968," ""evolution"""
10971," ""existence of God"""
10980," ""evolution"""
10984," ""abortion"""
10993," ""gay marriage"""
10997," ""evolution"""
11003," ""evolution"""
11008," ""gun control"""
11031," ""gun control"""
11040," ""gun control"""
11041," ""existence of God"""
11048," ""evolution"""
11051," ""evolution"""
11052," ""evolution"""
11057," ""death penalty"""
11064," ""evolution"""
11069," ""communism vs capitalism"""
11071," ""abortion"""
11073," ""abortion"""
11075," ""gun control"""
11082," ""evolution"""
11086," ""gay marriage"""
11101," ""healthcare"""
11109," ""gun control"""
11117," ""existence of God"""
11119," ""gun control"""
11128," ""evolution"""
11134," ""gay marriage"""
11136," ""abortion"""
11143," ""abortion"""
11146," ""healthcare"""
11147," ""evolution"""
11149," ""abortion"""
11150," ""abortion"""
11154," ""evolution"""
11158," ""abortion"""
11164," ""evolution"""
11167," ""gun control"""
11168," ""abortion"""
11169," ""climate change"""
11170," ""evolution"""
11176," ""abortion"""
11178," ""abortion"""
11185," ""abortion"""
11190," ""evolution"""
11197," ""gun control"""
11201," ""marijuana legalization"""
11220," ""evolution"""
11221," ""gay marriage"""
11229," ""evolution"""
11234," ""abortion"""
11243," ""abortion"""
11262," ""gun control"""
11281," ""gay marriage"""
11282," ""gay marriage"""
11288," ""gay marriage"""
11289," ""gay marriage"""
11290," ""gay marriage"""
11293," ""abortion"""
11299," ""gay marriage"""
11308," ""gun control"""
11310," ""gay marriage"""
11311," ""evolution"""
11313," ""gun control"""
11316," ""evolution"""
11319," ""gun control"""
11327," ""evolution"""
11332," ""evolution"""
11360," ""gun control"""
11361," ""gun control"""
11362," ""gun control"""
11363," ""gun control"""
11366," ""gun control"""
11369," ""gun control"""
11370," ""gay marriage"""
11373," ""climate change"""
11381," ""gun control"""
11387," ""gun control"""
11393," ""gun control"""
11400," ""existence of God"""
11403," ""gun control"""
11404," ""existence of God"""
11407," ""gun control"""
11411," ""gun control"""
11419," ""evolution"""
11420," ""gun control"""
11426," ""gay marriage"""
11429," ""gun control"""
11430," ""gun control"""
11436," ""gun control"""
11438," ""evolution"""
11441," ""gun control"""
11443," ""evolution"""
11445," ""gun control"""
11446," ""gun control"""
11447," ""gun control"""
11450," ""communism vs capitalism"""
11454," ""gun control"""
11455," ""gun control"""
11458," ""gun control"""
11460," ""gun control"""
11464," ""gun control"""
11465," ""gun control"""
11467," ""evolution"""
11472," ""gun control"""
11473," ""gun control"""
11483," ""gun control"""
11487," ""gun control"""
11488," ""evolution"""
11489," ""evolution"""
11492," ""gun control"""
11502," ""gun control"""
11504," ""abortion"""
11507," ""evolution"""
11508," ""abortion"""
11516," ""gun control"""
11518," ""evolution"""
11523," ""abortion"""
11524," ""abortion"""
11528," ""existence of God"""
11529," ""evolution"""
11531," ""gun control"""
11532," ""evolution"""
11534," ""gay marriage"""
11543," ""evolution"""
11547," ""gun control"""
11556," ""gun control"""
11563," ""abortion"""
11568," ""gun control"""
11584," ""gun control"""
11585," ""gay marriage"""
11596," ""evolution"""
11606," ""climate change"""
11607," ""gun control"""
11617," ""gun control"""
11618," ""evolution"""
11632," ""gun control"""
11633," ""gun control"""
11638," ""gun control"""
11644," ""evolution"""
11645," ""gun control"""
11648," ""abortion"""
11650," ""gun control"""
11665," ""gun control"""
11667," ""gay marriage"""
11669," ""abortion"""
11674," ""gun control"""
11679," ""gun control"""
11684," ""gay marriage"""
11686," ""existence of God"""
11690," ""gun control"""
11699," ""gun control"""
11705," ""evolution"""
11709," ""gun control"""
11726," ""communism vs capitalism"""
11744," ""gun control"""
11746," ""gun control"""
11747," ""gun control"""
11753," ""abortion"""
11757," ""gun control"""
11759," ""gun control"""
11764," ""abortion"""
11774," ""gun control"""
11781," ""abortion"""
11784," ""gun control"""
11787," ""abortion"""
11794," ""communism vs capitalism"""
11801," ""abortion"""
11805," ""evolution"""
11809," ""gun control"""
11810," ""evolution"""
11819," ""communism vs capitalism"""
11833," ""existence of God"""
11835," ""gun control"""
11843," ""evolution"""
11855," ""gun control"""
11872," ""gay marriage"""
11876," ""communism vs capitalism"""
11879," ""evolution"""
11882," ""communism vs capitalism"""
11889," ""evolution"""
11896," ""gun control"""
11898," ""communism vs capitalism"""
11901," ""gay marriage"""
11906," ""gay marriage"""
11907," ""abortion"""
11914," ""gun control"""
11915," ""gun control"""
11917," ""gun control"""
11921," ""gun control"""
11931," ""gay marriage"""
11933," ""gun control"""
11942," ""climate change"""
11943," ""evolution"""
11951," ""gay marriage"""
11962," ""gay marriage"""
11964," ""gun control"""
11970," ""gun control"""
11984," ""abortion"""
11986," ""gay marriage"""
11991," ""gun control"""
11993," ""gun control"""
11999," ""gun control"""
12000," ""gun control"""
12001," ""abortion"""
12007," ""gun control"""
12008," ""gun control"""
12014," ""gun control"""
12016," ""gun control"""
12023," ""evolution"""
12025," ""evolution"""
12032," ""gun control"""
12041," ""evolution"""
12047," ""evolution"""
12048," ""evolution"""
12050," ""gun control"""
12051," ""gun control"""
12054," ""evolution"""
12055," ""evolution"""
12058," ""evolution"""
12060," ""evolution"""
12062," ""evolution"""
12063," ""evolution"""
12067," ""gay marriage"""
12071," ""gay marriage"""
12074," ""evolution"""
12075," ""gun control"""
12094," ""evolution"""
12095," ""abortion"""
12097," ""healthcare"""
12101," ""evolution"""
12106," ""gay marriage"""
12107," ""gun control"""
12109," ""gun control"""
12114," ""evolution"""
12116," ""gun control"""
12123," ""evolution"""
12132," ""gun control"""
12141," ""evolution"""
12152," ""healthcare"""
12154," ""gun control"""
12157," ""death penalty"""
12162," ""gun control"""
12166," ""existence of God"""
12168," ""climate change"""
12169," ""gun control"""
12172," ""abortion"""
12173," ""gun control"""
12174," ""evolution"""
12178," ""gun control"""
12180," ""gun control"""
12183," ""evolution"""
12191," ""evolution"""
12192," ""evolution"""
12193," ""evolution"""
12194," ""evolution"""
12195," ""evolution"""
12197," ""gun control"""
12199," ""gun control"""
12200," ""gun control"""
12202," ""evolution"""
12208," ""gun control"""
12211," ""abortion"""
12214," ""evolution"""
12218," ""evolution"""
12225," ""gun control"""
12229," ""gun control"""
12233," ""climate change"""
12236," ""evolution"""
12238," ""evolution"""
12239," ""evolution"""
12254," ""gun control"""
12257," ""evolution"""
12259," ""evolution"""
12260," ""evolution"""
12263," ""abortion"""
12264," ""gay marriage"""
12268," ""healthcare"""
12275," ""gun control"""
12279," ""evolution"""
12280," ""evolution"""
12284," ""evolution"""
12287," ""abortion"""
12288," ""evolution"""
12292," ""gun control"""
12293," ""abortion"""
12299," ""gun control"""
12305," ""gun control"""
12306," ""gay marriage"""
12310," ""climate change"""
12311," ""gun control"""
12313," ""gay marriage"""
12315," ""evolution"""
12319," ""abortion"""
12331," ""climate change"""
12335," ""evolution"""
12338," ""evolution"""
12339," ""evolution"""
12340," ""gun control"""
12342," ""abortion"""
12343," ""gun control"""
12347," ""gay marriage"""
12353," ""evolution"""
12354," ""gun control"""
12357," ""abortion"""
12367," ""gun control"""
12368," ""gun control"""
12375," ""gun control"""
12379," ""abortion"""
12381," ""communism vs capitalism"""
12389," ""gun control"""
12391," ""abortion"""
12394," ""gun control"""
12395," ""gun control"""
12397," ""abortion"""
12401," ""gun control"""
12409," ""abortion"""
12410," ""abortion"""
12412," ""gun control"""
12417," ""gay marriage"""
12420," ""abortion"""
12425," ""gun control"""
12427," ""abortion"""
12430," ""healthcare"""
12433," ""gun control"""
12435," ""gun control"""
12439," ""gay marriage"""
12444," ""healthcare"""
12446," ""gun control"""
12447," ""evolution"""
12448," ""gun control"""
12449," ""gun control"""
12453," ""gun control"""
12456," ""marijuana legalization"""
12459," ""gun control"""
12460," ""gun control"""
12464," ""abortion"""
12468," ""gun control"""
12473," ""evolution"""
12476," ""gun control"""
12485," ""evolution"""
12499," ""gun control"""
12500," ""gun control"""
12502," ""gay marriage"""
12507," ""abortion"""
12508," ""gay marriage"""
12517," ""gay marriage"""
12518," ""gun control"""
12520," ""gun control"""
12528," ""gay marriage"""
12530," ""gun control"""
12534," ""gay marriage"""
12536," ""healthcare"""
12538," ""gay marriage"""
12539," ""gay marriage"""
12541," ""gun control"""
12545," ""gun control"""
12547," ""abortion"""
12549," ""abortion"""
12550," ""abortion"""
12551," ""abortion"""
12552," ""gun control"""
12553," ""gun control"""
12554," ""gun control"""
12556," ""gun control"""
12558," ""gun control"""
12562," ""gay marriage"""
12564," ""abortion"""
12565," ""gun control"""
12567," ""abortion"""
12568," ""abortion"""
12573," ""gay marriage"""
12576," ""abortion"""
12581," ""evolution"""
12590," ""gun control"""
12591," ""abortion"""
12594," ""gun control"""
12601," ""gun control"""
12602," ""gun control"""
12603," ""gun control"""
12609," ""abortion"""
12611," ""gun control"""
12613," ""abortion"""
12615," ""gun control"""
12616," ""gun control"""
12623," ""gun control"""
12628," ""gun control"""
12630," ""evolution"""
12631," ""gun control"""
12635," ""abortion"""
12636," ""gun control"""
12637," ""gay marriage"""
12644," ""abortion"""
12650," ""abortion"""
12651," ""abortion"""
12652," ""communism vs capitalism"""
12655," ""gun control"""
12656," ""abortion"""
12659," ""gun control"""
12663," ""gun control"""
12664," ""abortion"""
12665," ""healthcare"""
12669," ""gay marriage"""
12670," ""evolution"""
12673," ""evolution"""
12674," ""gun control"""
12676," ""gun control"""
12679," ""abortion"""
12680," ""abortion"""
12683," ""gun control"""
12694," ""abortion"""
12695," ""gun control"""
12697," ""abortion"""
12699," ""abortion"""
12706," ""gun control"""
12707," ""abortion"""
12713," ""gun control"""
12718," ""gun control"""
12719," ""gun control"""
12720," ""gay marriage"""
12730," ""abortion"""
12731," ""evolution"""
12736," ""gun control"""
12738," ""gun control"""
12741," ""gun control"""
12743," ""gay marriage"""
12746," ""abortion"""
12764," ""gun control"""
12776," ""healthcare"""
12779," ""gay marriage"""
12781," ""gay marriage"""
12794," ""gay marriage"""
12798," ""healthcare"""
12800," ""abortion"""
12808," ""abortion"""
12809," ""healthcare"""
12811," ""abortion"""
12813," ""abortion"""
12815," ""death penalty"""
12816," ""gay marriage"""
12819," ""abortion"""
12823," ""abortion"""
12824," ""gun control"""
12825," ""gay marriage"""
12827," ""healthcare"""
12833," ""gun control"""
12835," ""gay marriage"""
12840," ""existence of God"""
12843," ""gun control"""
12847," ""abortion"""
12848," ""gun control"""
12854," ""gun control"""
12856," ""healthcare"""
12864," ""existence of God"""
12865," ""evolution"""
12878," ""gay marriage"""
12880," ""gun control"""
12890," ""healthcare"""
12891," ""gun control"""
12892," ""gun control"""
12894," ""gun control"""
12895," ""gun control"""
12896," ""gun control"""
12897," ""gun control"""
12898," ""healthcare"""
12902," ""gun control"""
12904," ""evolution"""
12905," ""gun control"""
12908," ""gun control"""
12909," ""gun control"""
12910," ""gun control"""
12912," ""gun control"""
12915," ""abortion"""
12918," ""gay marriage"""
12921," ""gun control"""
12932," ""gun control"""
12933," ""gun control"""
12935," ""gun control"""
12941," ""gun control"""
12943," ""gun control"""
12947," ""gay marriage"""
12948," ""gun control"""
12950," ""gun control"""
12959," ""gun control"""
12965," ""communism vs capitalism"""
12966," ""gun control"""
12979," ""abortion"""
12984," ""abortion"""
12985," ""healthcare"""
12992," ""existence of God"""
12993," ""abortion"""
12994," ""abortion"""
12999," ""gun control"""
13003," ""abortion"""
13005," ""gun control"""
13006," ""gun control"""
13007," ""healthcare"""
13009," ""gun control"""
13010," ""marijuana legalization"""
13013," ""gun control"""
13014," ""healthcare"""
13035," ""healthcare"""
13036," ""gun control"""
13039," ""gun control"""
13042," ""gun control"""
13044," ""gun control"""
13045," ""abortion"""
13053," ""gun control"""
13064," ""gun control"""
13066," ""gun control"""
13070," ""gun control"""
13072," ""gun control"""
13078," ""gun control"""
13079," ""gun control"""
13080," ""gun control"""
13086," ""gun control"""
13088," ""gun control"""
13089," ""gun control"""
13093," ""gun control"""
13094," ""gun control"""
13095," ""gun control"""
13096," ""gun control"""
13097," ""gun control"""
13098," ""gun control"""
13099," ""gun control"""
13100," ""gun control"""
13101," ""gun control"""
13103," ""gun control"""
13104," ""gun control"""
13105," ""gun control"""
13106," ""gun control"""
13107," ""evolution"""
13113," ""gun control"""
13114," ""gun control"""
13116," ""gun control"""
13135," ""gun control"""
13143," ""gun control"""
13147," ""abortion"""
13148," ""gun control"""
13150," ""healthcare"""
13151," ""healthcare"""
13158," ""gun control"""
13175," ""gay marriage"""
13178," ""healthcare"""
13180," ""healthcare"""
13182," ""abortion"""
13195," ""gun control"""
13196," ""gun control"""
13202," ""gun control"""
13203," ""gun control"""
13204," ""gun control"""
13205," ""gun control"""
13206," ""gay marriage"""
13213," ""gun control"""
13214," ""gun control"""
13219," ""healthcare"""
13224," ""gun control"""
13228," ""gun control"""
13229," ""gun control"""
13231," ""gun control"""
13232," ""gun control"""
13234," ""evolution"""
13244," ""evolution"""
13245," ""evolution"""
13247," ""evolution"""
13250," ""healthcare"""
13251," ""gun control"""
13253," ""healthcare"""
13254," ""gun control"""
13258," ""healthcare"""
13261," ""gun control"""
13264," ""gun control"""
13265," ""gun control"""
13266," ""gun control"""
13267," ""evolution"""
13275," ""healthcare"""
13278," ""healthcare"""
13283," ""gun control"""
13284," ""gun control"""
13285," ""abortion"""
13287," ""evolution"""
13288," ""gun control"""
13291," ""gun control"""
13292," ""gun control"""
13299," ""gun control"""
13300," ""gun control"""
13305," ""healthcare"""
13306," ""gun control"""
13309," ""gun control"""
13311," ""gun control"""
13316," ""healthcare"""
13321," ""gun control"""
13322," ""gun control"""
13323," ""healthcare"""
13324," ""gun control"""
13326," ""healthcare"""
13327," ""gun control"""
13328," ""gun control"""
13329," ""gun control"""
13337," ""gun control"""
13340," ""gay marriage"""
13346," ""gun control"""
13348," ""gun control"""
13349," ""gun control"""
13354," ""gun control"""
13360," ""gun control"""
13361," ""healthcare"""
13365," ""gun control"""
13366," ""gun control"""
13371," ""communism vs capitalism"""
13372," ""gun control"""
13375," ""gun control"""
13380," ""existence of God"""
13388," ""gun control"""
13392," ""communism vs capitalism"""
13395," ""gun control"""
13398," ""gun control"""
13410," ""gun control"""
13411," ""gun control"""
13416," ""abortion"""
13418," ""healthcare"""
13425," ""gun control"""
13428," ""evolution"""
13430," ""gun control"""
13434," ""healthcare"""
13437," ""gun control"""
13438," ""gun control"""
13439," ""healthcare"""
13441," ""gun control"""
13444," ""gun control"""
13446," ""gun control"""
13450," ""gun control"""
13451," ""gay marriage"""
13458," ""gun control"""
13460," ""healthcare"""
13463," ""healthcare"""
13464," ""gay marriage"""
13465," ""abortion"""
13468," ""gun control"""
13469," ""gun control"""
13470," ""gun control"""
13471," ""gun control"""
13474," ""gun control"""
13478," ""gun control"""
13480," ""gun control"""
13481," ""gun control"""
13483," ""gun control"""
13484," ""gun control"""
13486," ""gun control"""
13487," ""gun control"""
13488," ""evolution"""
13489," ""gun control"""
13495," ""evolution"""
13496," ""gun control"""
13500," ""healthcare"""
13501," ""healthcare"""
13505," ""gun control"""
13507," ""healthcare"""
13513," ""communism vs capitalism"""
13516," ""climate change"""
13528," ""gun control"""
13530," ""abortion"""
13537," ""gay marriage"""
13538," ""gun control"""
13541," ""gun control"""
13542," ""healthcare"""
13550," ""gun control"""
13555," ""healthcare"""
13556," ""gun control"""
13557," ""abortion"""
13558," ""abortion"""
13564," ""gun control"""
13570," ""healthcare"""
13571," ""gun control"""
13572," ""gun control"""
13578," ""healthcare"""
13581," ""healthcare"""
13586," ""gun control"""
13587," ""gun control"""
13588," ""gun control"""
13590," ""gun control"""
13591," ""gun control"""
13597," ""communism vs capitalism"""
13603," ""gun control"""
13605," ""healthcare"""
13606," ""gun control"""
13607," ""gun control"""
13609," ""gun control"""
13612," ""gun control"""
13614," ""healthcare"""
13617," ""healthcare"""
13619," ""gun control"""
13623," ""gun control"""
13625," ""gun control"""
13627," ""gun control"""
13631," ""climate change"""
13632," ""gun control"""
13634," ""gun control"""
13637," ""gun control"""
13638," ""gay marriage"""
13642," ""gun control"""
13643," ""gun control"""
13652," ""healthcare"""
13660," ""gun control"""
13662," ""gun control"""
13670," ""communism vs capitalism"""
13673," ""gun control"""
13682," ""healthcare"""
13687," ""gun control"""
13688," ""gun control"""
13691," ""healthcare"""
13694," ""gun control"""
13699," ""gun control"""
13700," ""climate change"""
13708," ""gay marriage"""
13713," ""healthcare"""
13719," ""abortion"""
13720," ""gun control"""
13721," ""gun control"""
13723," ""healthcare"""
13726," ""gun control"""
13742," ""abortion"""
13749," ""gun control"""
13754," ""gun control"""
13757," ""gun control"""
13758," ""gun control"""
13759," ""gun control"""
13762," ""gun control"""
13765," ""existence of God"""
13768," ""gay marriage"""
13769," ""gun control"""
13777," ""gun control"""
13778," ""gun control"""
13779," ""healthcare"""
13780," ""abortion"""
13783," ""evolution"""
13784," ""gay marriage"""
13786," ""gun control"""
13790," ""gun control"""
13792," ""gun control"""
13794," ""gun control"""
13797," ""gun control"""
13802," ""gun control"""
13803," ""gun control"""
13804," ""gun control"""
13805," ""gun control"""
13813," ""healthcare"""
13815," ""gun control"""
13819," ""gun control"""
13821," ""gun control"""
13825," ""gun control"""
13826," ""gay marriage"""
13829," ""abortion"""
13837," ""gun control"""
13840," ""gun control"""
13846," ""abortion"""
13848," ""gun control"""
13860," ""gun control"""
13861," ""evolution"""
13862," ""abortion"""
13867," ""abortion"""
13887," ""gay marriage"""
13897," ""death penalty"""
13900," ""gay marriage"""
13903," ""evolution"""
13904," ""gun control"""
13911," ""gun control"""
13919," ""gun control"""
13922," ""gun control"""
13923," ""gun control"""
13932," ""gun control"""
13936," ""gun control"""
13945," ""gay marriage"""
13952," ""gun control"""
13954," ""gun control"""
13956," ""gay marriage"""
13958," ""gun control"""
13959," ""gun control"""
13967," ""gun control"""
13968," ""gun control"""
13970," ""gun control"""
13972," ""healthcare"""
13977," ""gun control"""
13982," ""gun control"""
13987," ""gun control"""
13988," ""gun control"""
13989," ""gay marriage"""
13990," ""gun control"""
13991," ""gun control"""
13995," ""healthcare"""
13996," ""abortion"""
13998," ""gun control"""
14000," ""gun control"""
14010," ""abortion"""
14013," ""gun control"""
14014," ""gun control"""
14017," ""gun control"""
14019," ""abortion"""
14031," ""healthcare"""
14041," ""healthcare"""
14047," ""healthcare"""
14055," ""healthcare"""
14057," ""gun control"""
14063," ""healthcare"""
14064," ""gun control"""
14073," ""gun control"""
14074," ""healthcare"""
14079," ""abortion"""
14080," ""gun control"""
14092," ""gun control"""
14094," ""climate change"""
14099," ""gun control"""
14112," ""gun control"""
14115," ""gun control"""
14119," ""gun control"""
14126," ""gun control"""
14127," ""gun control"""
14129," ""gun control"""
14131," ""gay marriage"""
14138," ""healthcare"""
14158," ""gun control"""
14165," ""gun control"""
14169," ""death penalty"""
14172," ""gun control"""
14187," ""gun control"""
14190," ""gun control"""
14195," ""gun control"""
14196," ""gun control"""
14198," ""evolution"""
14211," ""gun control"""
14216," ""gun control"""
14230," ""gun control"""
14235," ""gun control"""
14243," ""gun control"""
14245," ""gun control"""
14247," ""gun control"""
14248," ""gun control"""
14253," ""gay marriage"""
14262," ""gun control"""
14266," ""gun control"""
14271," ""gun control"""
14274," ""gun control"""
14277," ""gun control"""
14280," ""gun control"""
14282," ""gun control"""
14283," ""gun control"""
14289," ""gun control"""
14295," ""gun control"""
14298," ""gun control"""
14300," ""gun control"""
14302," ""gun control"""
14304," ""gun control"""
14310," ""gun control"""
14311," ""gun control"""
14318," ""gun control"""
14319," ""gun control"""
14320," ""gun control"""
14356," ""gun control"""
14358," ""gun control"""
14359," ""gun control"""
14362," ""gun control"""
14363," ""gun control"""
14365," ""gun control"""
14366," ""gun control"""
14367," ""gun control"""
14374," ""gun control"""
14376," ""gay marriage"""
14377," ""gun control"""
14380," ""gun control"""
14385," ""climate change"""
14386," ""gun control"""
14392," ""gun control"""
14395," ""gun control"""
14396," ""gun control"""
14397," ""gun control"""
14398," ""gun control"""
14399," ""gun control"""
14401," ""gun control"""
14406," ""gun control"""
14409," ""gun control"""
14410," ""abortion"""
14419," ""gun control"""
14424," ""gun control"""
14429," ""gun control"""
14437," ""gun control"""
14444," ""gun control"""
14457," ""evolution"""
14471," ""gun control"""
14474," ""gun control"""
14478," ""gun control"""
14481," ""gun control"""
14489," ""evolution"""
14490," ""gay marriage"""
14492," ""gun control"""
14493," ""gun control"""
14498," ""gun control"""
14515," ""evolution"""
14518," ""gay marriage"""
14526," ""communism vs capitalism"""
14532," ""gun control"""
